<?xml version="1.0" encoding="UTF-8"?>
<folder exportedWithPermissions="true">
    <parent>/public</parent>
    <name>Samples</name>
    <label>Samples</label>
    <description>Samples</description>
    <creationDate>2019-05-23T00:28:52.291Z</creationDate>
    <updateDate>2012-10-15T16:17:29.281Z</updateDate>
    <folder>Ad_Hoc_Views</folder>
    <folder>Dashboards</folder>
    <folder>Data_Sources</folder>
    <folder>Domains</folder>
    <folder>OLAP</folder>
    <folder>Reports</folder>
    <folder>Resources</folder>
    <folder>Topics</folder>
</folder>
