<?xml version="1.0" encoding="UTF-8"?>
<jdbcDataSource exportedWithPermissions="true">
    <folder>/public/Bikeshare_demo/Data_Sources</folder>
    <name>Bikeshare_demo_DS_on_AWS</name>
    <version>5</version>
    <label>Bikeshare demo DS on AWS</label>
    <creationDate>2019-05-23T00:46:47.128Z</creationDate>
    <updateDate>2019-05-23T17:45:55.324Z</updateDate>
    <driver>org.postgresql.Driver</driver>
    <connectionUrl>jdbc:postgresql://172.31.33.138:5432/bikeshare_v2</connectionUrl>
    <connectionUser>postgres</connectionUser>
    <connectionPassword>ENC&lt;B7C77EB9023F241CECD504AD17BE454D&gt;</connectionPassword>
    <timezone></timezone>
</jdbcDataSource>
