<?xml version="1.0" encoding="UTF-8"?>
<semanticLayerDataSource exportedWithPermissions="true">
    <folder>/public/Bikeshare_demo/Data_Sources</folder>
    <name>Bikeshare_Demo_Domain</name>
    <version>1</version>
    <label>Bikeshare Demo Domain</label>
    <description></description>
    <creationDate>2019-05-23T00:46:47.137Z</creationDate>
    <updateDate>2019-04-13T21:56:01.950Z</updateDate>
    <schema>
        <localResource
            xmlns:xsi="http://www.w3.org/2001/XMLSchema-instance"
            exportedWithPermissions="false" dataFile="schema.data" xsi:type="fileResource">
            <folder>/public/Bikeshare_demo/Data_Sources/Bikeshare_Demo_Domain_files</folder>
            <name>schema</name>
            <version>1</version>
            <label>schema</label>
            <description>schema</description>
            <creationDate>2019-05-23T00:46:47.137Z</creationDate>
            <updateDate>2019-04-13T21:56:01.950Z</updateDate>
            <fileType>xml</fileType>
        </localResource>
    </schema>
    <securityFile>
        <localResource
            xmlns:xsi="http://www.w3.org/2001/XMLSchema-instance"
            exportedWithPermissions="false"
            dataFile="BikeShareDomainSecurityFile.xml.data" xsi:type="fileResource">
            <folder>/public/Bikeshare_demo/Data_Sources/Bikeshare_Demo_Domain_files</folder>
            <name>BikeShareDomainSecurityFile.xml</name>
            <version>1</version>
            <label>security</label>
            <description>security</description>
            <creationDate>2019-05-23T00:46:47.137Z</creationDate>
            <updateDate>2019-03-26T17:17:30.271Z</updateDate>
            <fileType>xml</fileType>
        </localResource>
    </securityFile>
    <dataSource>
        <alias>Bikeshare_demo_DS_on_AWS</alias>
        <dataSourceReference>
            <uri>/public/Bikeshare_demo/Data_Sources/Bikeshare_demo_DS_on_AWS</uri>
        </dataSourceReference>
    </dataSource>
</semanticLayerDataSource>
