<?xml version="1.0" encoding="UTF-8"?>
<folder exportedWithPermissions="true">
    <parent>/public/adhoc</parent>
    <name>topics</name>
    <label>Topics</label>
    <description>Topics</description>
    <creationDate>2019-05-23T00:28:52.609Z</creationDate>
    <updateDate>2019-05-21T20:59:46.989Z</updateDate>
    <resource>JSDiagnosticTopic</resource>
    <permission>
        <permissionMask>30</permissionMask>
        <recipient recipientType="role">ROLE_USER</recipient>
    </permission>
</folder>
