<?xml version="1.0" encoding="UTF-8"?>
<organization>
    <id>organizations</id>
    <alias>organizations</alias>
    <tenantName>root</tenantName>
    <tenantDesc>organizations</tenantDesc>
    <tenantNote> </tenantNote>
    <tenantUri>/</tenantUri>
    <tenantFolderUri>/</tenantFolderUri>
    <attribute>
        <name>domainWhitelist</name>
        <permissions>
            <permissionMask>1</permissionMask>
            <recipient recipientType="role">ROLE_ADMINISTRATOR</recipient>
        </permissions>
        <value>*</value>
    </attribute>
    <attribute>
        <name>bikeshareDBHost</name>
        <permissions>
            <permissionMask>1</permissionMask>
            <recipient recipientType="role">ROLE_ADMINISTRATOR</recipient>
        </permissions>
        <value>localhost</value>
    </attribute>
    <attribute>
        <name>bikeshareDBPort</name>
        <permissions>
            <permissionMask>1</permissionMask>
            <recipient recipientType="role">ROLE_ADMINISTRATOR</recipient>
        </permissions>
        <value>5432</value>
    </attribute>
    <attribute>
        <name>bikeshareDBUsername</name>
        <permissions>
            <permissionMask>1</permissionMask>
            <recipient recipientType="role">ROLE_ADMINISTRATOR</recipient>
        </permissions>
        <value>postgres</value>
    </attribute>
    <attribute>
        <name>bikeshareDBSchema</name>
        <permissions>
            <permissionMask>1</permissionMask>
            <recipient recipientType="role">ROLE_ADMINISTRATOR</recipient>
        </permissions>
        <value>bikeshare_v2</value>
    </attribute>
    <attribute>
        <name>bikeshareDBPassword</name>
        <permissions>
            <permissionMask>1</permissionMask>
            <recipient recipientType="role">ROLE_ADMINISTRATOR</recipient>
        </permissions>
        <value>ENC&lt;B7C77EB9023F241CECD504AD17BE454D&gt;</value>
    </attribute>
    <theme>default</theme>
</organization>
