<?xml version="1.0" encoding="UTF-8"?>
<fileResource exportedWithPermissions="true" dataFile="FoodmartNoTopGrant.data">
    <folder>/public/Samples/OLAP/Schemas</folder>
    <name>FoodmartNoTopGrant</name>
    <version>0</version>
    <label>Foodmart Grant without top levels</label>
    <description>ANALYSIS Foodmart Grant with no top levels allowing navigation in the browser</description>
    <creationDate>2019-02-15T22:21:27.379Z</creationDate>
    <updateDate>2012-07-03T19:59:28.063Z</updateDate>
    <fileType>accessGrantSchema</fileType>
</fileResource>
