<?xml version="1.0" encoding="UTF-8"?>
<fileResource exportedWithPermissions="true" dataFile="FoodmartSchema2013.xml.data">
    <folder>/public/Samples/OLAP/Schemas</folder>
    <name>FoodmartSchema2013.xml</name>
    <version>0</version>
    <label>FoodmartSchema</label>
    <description>Foodmart OLAP schema with updated dates</description>
    <creationDate>2019-02-15T22:21:02.744Z</creationDate>
    <updateDate>2013-04-10T21:22:02.746Z</updateDate>
    <fileType>olapMondrianSchema</fileType>
</fileResource>
