<?xml version="1.0" encoding="UTF-8"?>
<folder exportedWithPermissions="true">
    <parent>/public</parent>
    <name>audit</name>
    <label>Audit</label>
    <description>Audit Components</description>
    <creationDate>2019-02-15T22:20:04.425Z</creationDate>
    <updateDate>2018-04-27T19:57:11.459Z</updateDate>
    <folder>datasources</folder>
    <folder>domains</folder>
    <folder>reports</folder>
    <permission>
        <permissionMask>0</permissionMask>
        <recipient recipientType="role">ROLE_USER</recipient>
    </permission>
</folder>
