<?xml version="1.0" encoding="UTF-8"?>
<jdbcDataSource exportedWithPermissions="true">
    <folder>/public/Bikeshare_demo/Data_Sources</folder>
    <name>Bikeshare_demo_DS_on_AWS</name>
    <version>3</version>
    <label>Bikeshare demo DS</label>
    <creationDate>2019-05-19T19:04:20.279-07:00</creationDate>
    <updateDate>2019-06-10T17:45:53.055-07:00</updateDate>
    <driver>org.postgresql.Driver</driver>
    <connectionUrl>jdbc:postgresql://{attribute('bikeshareDBHost')}:{attribute('bikeshareDBPort')}/{attribute('bikeshareDBSchema')}</connectionUrl>
    <connectionUser>{attribute('bikeshareDBUsername')}</connectionUser>
    <connectionPassword>ENC&lt;45DC321EB75ABC1BD81A6CDF2B05AB5704E7A2177A81DDC978013F8D76A1EAFA5A3A89190B92F630FF34A3822EC44838&gt;</connectionPassword>
    <timezone></timezone>
</jdbcDataSource>
