<?xml version="1.0" encoding="UTF-8"?>
<semanticLayerDataSource exportedWithPermissions="true">
    <folder>/public/Bikeshare_demo/Data_Sources</folder>
    <name>Workshop_Domain</name>
    <version>0</version>
    <label>Workshop Domain</label>
    <description>For Bikeshare workshop</description>
    <creationDate>2019-05-20T08:31:07.087-07:00</creationDate>
    <updateDate>2019-05-20T08:31:07.087-07:00</updateDate>
    <schema>
        <localResource
            xmlns:xsi="http://www.w3.org/2001/XMLSchema-instance"
            exportedWithPermissions="false" dataFile="schema.data" xsi:type="fileResource">
            <folder>/public/Bikeshare_demo/Data_Sources/Workshop_Domain_files</folder>
            <name>schema</name>
            <version>0</version>
            <label>schema</label>
            <description>schema</description>
            <creationDate>2019-05-20T08:31:07.087-07:00</creationDate>
            <updateDate>2019-05-20T08:31:07.087-07:00</updateDate>
            <fileType>xml</fileType>
        </localResource>
    </schema>
    <securityFile>
        <localResource
            xmlns:xsi="http://www.w3.org/2001/XMLSchema-instance"
            exportedWithPermissions="false"
            dataFile="BikeShareDomainSecurityFile.xml.data" xsi:type="fileResource">
            <folder>/public/Bikeshare_demo/Data_Sources/Workshop_Domain_files</folder>
            <name>BikeShareDomainSecurityFile.xml</name>
            <version>0</version>
            <label>BikeShareDomainSecurityFile.xml</label>
            <creationDate>2019-05-20T08:31:07.087-07:00</creationDate>
            <updateDate>2019-05-20T08:31:07.087-07:00</updateDate>
            <fileType>xml</fileType>
        </localResource>
    </securityFile>
    <dataSource>
        <alias>Bikeshare_demo_DS_on_AWS</alias>
        <dataSourceReference>
            <uri>/public/Bikeshare_demo/Data_Sources/Bikeshare_demo_DS_on_AWS</uri>
        </dataSourceReference>
    </dataSource>
</semanticLayerDataSource>
