<?xml version="1.0" encoding="UTF-8"?>
<folder exportedWithPermissions="true">
    <parent>/public/Bikeshare_demo</parent>
    <name>Ad_hoc</name>
    <label>Ad hoc</label>
    <description></description>
    <creationDate>2019-05-19T19:04:20.096-07:00</creationDate>
    <updateDate>2019-02-25T12:11:36.266-08:00</updateDate>
    <folder>App_Report_List</folder>
    <resource>Initial_Bikeshare_Ad_Hoc_View</resource>
    <resource>KPIs_Ad_Hoc_View</resource>
    <resource>Popular_Stations_Ad_Hoc_View</resource>
    <resource>Test_Trip_Ad_Hoc_View</resource>
    <resource>Today_KPIs_Ad_Hoc_View</resource>
    <resource>Trip_Analysis_Ad_Hoc_View</resource>
</folder>
