<?xml version="1.0" encoding="UTF-8"?>
<adhocDataView exportedWithPermissions="true">
    <folder>/public/Bikeshare_demo/Ad_hoc</folder>
    <name>Popular_Stations_Ad_Hoc_View</name>
    <version>0</version>
    <label>Popular Stations Ad Hoc View</label>
    <description></description>
    <creationDate>2019-05-19T19:04:20.638-07:00</creationDate>
    <updateDate>2019-03-27T05:39:26.644-07:00</updateDate>
    <dataSource>
        <uri>/public/Bikeshare_demo/Data_Sources/Bikeshare_Demo_Domain</uri>
    </dataSource>
    <inputControl>
        <localResource
            xmlns:xsi="http://www.w3.org/2001/XMLSchema-instance"
            exportedWithPermissions="false" xsi:type="inputControl">
            <folder>/public/Bikeshare_demo/Ad_hoc/Popular_Stations_Ad_Hoc_View_files</folder>
            <name>system_id6_1</name>
            <version>0</version>
            <label>system_id</label>
            <creationDate>2019-05-19T19:04:20.638-07:00</creationDate>
            <updateDate>2019-03-27T05:39:26.644-07:00</updateDate>
            <type>4</type>
            <mandatory>false</mandatory>
            <readOnly>false</readOnly>
            <visible>true</visible>
            <query>
                <localResource exportedWithPermissions="false" xsi:type="query">
                    <folder>/public/Bikeshare_demo/Ad_hoc/Popular_Stations_Ad_Hoc_View_files/system_id6_1_files</folder>
                    <name>system_id6_1</name>
                    <version>0</version>
                    <label>system_id</label>
                    <creationDate>2019-05-19T19:04:20.638-07:00</creationDate>
                    <updateDate>2019-03-27T05:39:26.644-07:00</updateDate>
                    <language>domain</language>
                    <queryString>&lt;?xml version="1.0" encoding="UTF-8"?&gt;
&lt;query xmlns="http://www.jaspersoft.com/2007/SL/XMLSchema"&gt;
  &lt;groupList&gt;
    &lt;group columnName="trip_today.system_id6" /&gt;
  &lt;/groupList&gt;
  &lt;queryFields&gt;
    &lt;queryField id="trip_today.system_id6" /&gt;
    &lt;queryField id="trip_today.system_id" /&gt;
  &lt;/queryFields&gt;
&lt;/query&gt;

</queryString>
                    <dataSource>
                        <uri>/public/Bikeshare_demo/Data_Sources/Bikeshare_Demo_Domain</uri>
                    </dataSource>
                </localResource>
            </query>
            <queryVisibleColumn>trip_today.system_id6</queryVisibleColumn>
            <queryValueColumn>trip_today.system_id6</queryValueColumn>
        </localResource>
    </inputControl>
    <resource>
        <localResource
            xmlns:xsi="http://www.w3.org/2001/XMLSchema-instance"
            exportedWithPermissions="false" dataFile="topicJRXML.data" xsi:type="fileResource">
            <folder>/public/Bikeshare_demo/Ad_hoc/Popular_Stations_Ad_Hoc_View_files</folder>
            <name>topicJRXML</name>
            <version>0</version>
            <label>topicJRXML</label>
            <creationDate>2019-05-19T19:04:20.638-07:00</creationDate>
            <updateDate>2019-03-27T05:35:21.537-07:00</updateDate>
            <fileType>jrxml</fileType>
        </localResource>
    </resource>
    <resource>
        <localResource
            xmlns:xsi="http://www.w3.org/2001/XMLSchema-instance"
            exportedWithPermissions="false" dataFile="stateXML.data" xsi:type="fileResource">
            <folder>/public/Bikeshare_demo/Ad_hoc/Popular_Stations_Ad_Hoc_View_files</folder>
            <name>stateXML</name>
            <version>0</version>
            <label>stateXML</label>
            <creationDate>2019-05-19T19:04:20.638-07:00</creationDate>
            <updateDate>2019-03-27T05:35:21.537-07:00</updateDate>
            <fileType>xml</fileType>
        </localResource>
    </resource>
    <alwaysPromptControls>false</alwaysPromptControls>
    <controlsLayout>1</controlsLayout>
</adhocDataView>
