<?xml version="1.0" encoding="UTF-8"?>
<customDataSource exportedWithPermissions="true">
    <folder>/public/diagnostic</folder>
    <name>JSDiagnosticDataSource</name>
    <version>1</version>
    <label>Diagnostic Data Source</label>
    <description></description>
    <creationDate>2019-05-23T00:46:00.700Z</creationDate>
    <updateDate>2012-09-06T13:22:12.774Z</updateDate>
    <serviceClass>com.jaspersoft.jasperserver.api.logging.diagnostic.datasource.DiagnosticCustomDataSourceService</serviceClass>
    <property>
        <key>_cds_name</key>
        <value>diagnosticCustomDataSource</value>
    </property>
</customDataSource>
