<?xml version="1.0" encoding="UTF-8"?>
<folder exportedWithPermissions="true">
    <parent>/organizations</parent>
    <name>org_template</name>
    <label>Folder Template</label>
    <description>Folder Template</description>
    <creationDate>2019-05-23T00:45:01.009Z</creationDate>
    <updateDate>2019-05-21T20:59:45.360Z</updateDate>
    <folder>adhoc</folder>
    <folder>temp</folder>
    <folder>templates</folder>
    <folder>themes</folder>
    <permission>
        <permissionMask>0</permissionMask>
        <recipient recipientType="role">ROLE_USER</recipient>
    </permission>
</folder>
