<?xml version="1.0" encoding="UTF-8"?>
<reportUnit exportedWithPermissions="true">
    <folder>/public/Samples/Resources/Extras</folder>
    <name>BlankBackground</name>
    <version>1</version>
    <label>BlankBackground</label>
    <creationDate>2019-05-23T00:46:12.540Z</creationDate>
    <updateDate>2013-09-06T10:56:37.606Z</updateDate>
    <mainReport>
        <localResource
            xmlns:xsi="http://www.w3.org/2001/XMLSchema-instance"
            exportedWithPermissions="false" dataFile="main_jrxml.data" xsi:type="fileResource">
            <folder>/public/Samples/Resources/Extras/BlankBackground_files</folder>
            <name>main_jrxml</name>
            <version>1</version>
            <label>Main jrxml</label>
            <creationDate>2019-05-23T00:46:12.540Z</creationDate>
            <updateDate>2013-09-04T13:33:15.556Z</updateDate>
            <fileType>jrxml</fileType>
        </localResource>
    </mainReport>
    <dataSource>
        <uri>/public/Samples/Data_Sources/FoodmartDataSourceJNDI</uri>
    </dataSource>
    <alwaysPromptControls>false</alwaysPromptControls>
    <controlsLayout>1</controlsLayout>
</reportUnit>
