<?xml version="1.0" encoding="UTF-8"?>
<fileResource exportedWithPermissions="true" dataFile="DemoChartLabels.jar.data">
    <folder>/public/Samples/Resources/Extras</folder>
    <name>DemoChartLabels.jar</name>
    <version>1</version>
    <label>DemoChartLabels.jar</label>
    <description>BarLabels.class PieLabels.class MeterLabels.class LineLabels.class</description>
    <creationDate>2019-05-23T00:46:09.796Z</creationDate>
    <updateDate>2012-07-03T19:59:34.455Z</updateDate>
    <fileType>jar</fileType>
</fileResource>
