<?xml version="1.0" encoding="UTF-8"?>
<fileResource exportedWithPermissions="true" dataFile="supermart_ja.properties.data">
    <folder>/public/Samples/Resources/Extras</folder>
    <name>supermart_ja.properties</name>
    <version>1</version>
    <label>supermart_ja.properties</label>
    <description>Japanese resource bundle</description>
    <creationDate>2019-05-23T00:46:04.666Z</creationDate>
    <updateDate>2014-09-30T17:27:44.181Z</updateDate>
    <fileType>prop</fileType>
</fileResource>
