<?xml version="1.0" encoding="UTF-8"?>
<fileResource exportedWithPermissions="true" dataFile="supermart_de.properties.data">
    <folder>/public/Samples/Resources/Extras</folder>
    <name>supermart_de.properties</name>
    <version>1</version>
    <label>supermart_de.properties</label>
    <description>German resource bundle</description>
    <creationDate>2019-05-23T00:46:04.606Z</creationDate>
    <updateDate>2014-09-30T17:27:44.116Z</updateDate>
    <fileType>prop</fileType>
</fileResource>
