<?xml version="1.0" encoding="UTF-8"?>
<fileResource exportedWithPermissions="true" dataFile="Top5PromotionsReport.data">
    <folder>/public/Samples/Resources/Extras</folder>
    <name>Top5PromotionsReport</name>
    <version>1</version>
    <label>Top5PromotionsReport</label>
    <description>Subreport for Top Fives Report. Parameterized on month. Links to details.</description>
    <creationDate>2019-05-23T00:46:04.681Z</creationDate>
    <updateDate>2013-09-16T11:33:11.651Z</updateDate>
    <fileType>jrxml</fileType>
</fileResource>
