<?xml version="1.0" encoding="UTF-8"?>
<folder exportedWithPermissions="true">
    <parent>/organizations/bluebikes/organizations/org_template</parent>
    <name>themes</name>
    <label>Themes</label>
    <description>themes</description>
    <creationDate>2019-03-18T01:17:06.983Z</creationDate>
    <updateDate>2018-04-27T19:56:58.288Z</updateDate>
    <permission>
        <permissionMask>32</permissionMask>
        <recipient recipientType="role">ROLE_USER</recipient>
    </permission>
</folder>
