<?xml version="1.0" encoding="UTF-8"?>
<folder exportedWithPermissions="true">
    <parent>/public/Bikeshare_demo/Resources</parent>
    <name>Images</name>
    <label>Images</label>
    <description></description>
    <creationDate>2019-05-23T00:46:00.358Z</creationDate>
    <updateDate>2019-03-09T21:22:32.966Z</updateDate>
    <resource>bicycle_2.png</resource>
    <resource>bikes_fixed_icon.png</resource>
    <resource>bikes_transported_icon.png</resource>
    <resource>box_download.png</resource>
    <resource>box_upload.png</resource>
    <resource>Check.png</resource>
    <resource>CheckInButton.png</resource>
    <resource>DONE.png</resource>
    <resource>GPS2.png</resource>
    <resource>HIGH.png</resource>
    <resource>lost_bikes_icon.png</resource>
    <resource>LOW.png</resource>
    <resource>MED.png</resource>
    <resource>routes_driven_icon.png</resource>
    <resource>station_in_need_icon.png</resource>
    <resource>stopwatch.png</resource>
    <resource>total_trips_icon.png</resource>
    <resource>wrench_screwdriver.png</resource>
</folder>
