<?xml version="1.0" encoding="UTF-8"?>
<folder exportedWithPermissions="true">
    <name>/</name>
    <label>Bikeshare</label>
    <description>Folder Template</description>
    <creationDate>2019-05-23T00:45:00.857Z</creationDate>
    <updateDate>2019-05-23T00:45:00.973Z</updateDate>
    <folder>adhoc</folder>
    <folder>Data_Sources</folder>
    <folder>Domains</folder>
    <folder>organizations</folder>
    <folder>Reports</folder>
    <folder>temp</folder>
    <folder>templates</folder>
    <folder>themes</folder>
    <folder>public</folder>
</folder>
