<?xml version="1.0" encoding="UTF-8"?>
<listOfValues exportedWithPermissions="true">
    <folder>/public/Bikeshare_demo/Resources/DataTypes</folder>
    <name>Timeframes</name>
    <version>0</version>
    <label>Timeframes</label>
    <description>Placeholders for the timeframe values... will need to see the data to be more precise</description>
    <creationDate>2019-05-19T19:04:21.634-07:00</creationDate>
    <updateDate>2019-03-09T17:39:40.853-08:00</updateDate>
    <item>
        <itemLabel>Current_Start</itemLabel>
        <itemValue xmlns:xsi="http://www.w3.org/2001/XMLSchema-instance"
            xmlns:java="http://java.sun.com" xsi:type="java:java.lang.String">03/09/2019 00:00:00</itemValue>
    </item>
</listOfValues>
