<?xml version="1.0" encoding="UTF-8"?>
<adhocDataView exportedWithPermissions="true">
    <folder>/public/Bikeshare_demo/Ad_hoc</folder>
    <name>Initial_Bikeshare_Ad_Hoc_View</name>
    <version>1</version>
    <label>Initial Bikeshare Ad Hoc View</label>
    <description>Systems and stations</description>
    <creationDate>2019-05-23T00:46:47.162Z</creationDate>
    <updateDate>2019-03-27T12:21:24.280Z</updateDate>
    <dataSource>
        <uri>/public/Bikeshare_demo/Data_Sources/Bikeshare_Demo_Domain</uri>
    </dataSource>
    <resource>
        <localResource
            xmlns:xsi="http://www.w3.org/2001/XMLSchema-instance"
            exportedWithPermissions="false" dataFile="topicJRXML.data" xsi:type="fileResource">
            <folder>/public/Bikeshare_demo/Ad_hoc/Initial_Bikeshare_Ad_Hoc_View_files</folder>
            <name>topicJRXML</name>
            <version>1</version>
            <label>topicJRXML</label>
            <creationDate>2019-05-23T00:46:47.162Z</creationDate>
            <updateDate>2019-03-27T12:21:24.280Z</updateDate>
            <fileType>jrxml</fileType>
        </localResource>
    </resource>
    <resource>
        <localResource
            xmlns:xsi="http://www.w3.org/2001/XMLSchema-instance"
            exportedWithPermissions="false" dataFile="stateXML.data" xsi:type="fileResource">
            <folder>/public/Bikeshare_demo/Ad_hoc/Initial_Bikeshare_Ad_Hoc_View_files</folder>
            <name>stateXML</name>
            <version>1</version>
            <label>stateXML</label>
            <creationDate>2019-05-23T00:46:47.162Z</creationDate>
            <updateDate>2019-03-27T12:21:24.280Z</updateDate>
            <fileType>xml</fileType>
        </localResource>
    </resource>
    <alwaysPromptControls>false</alwaysPromptControls>
    <controlsLayout>1</controlsLayout>
</adhocDataView>
