<?xml version="1.0" encoding="UTF-8"?>
<folder exportedWithPermissions="true">
    <parent>/public/Bikeshare_demo/Ad_hoc</parent>
    <name>App_Report_List</name>
    <label>App Report List</label>
    <description>Contains the ad hoc views that will be shown in the Bikeshare app on the Reports List page.</description>
    <creationDate>2019-03-22T19:50:06.399Z</creationDate>
    <updateDate>2019-03-22T19:50:37.792Z</updateDate>
    <resource>Driver_Routes_Workload</resource>
    <resource>Station_Status</resource>
    <resource>Total_trips_by_region</resource>
</folder>
