<?xml version="1.0" encoding="UTF-8"?>
<folder exportedWithPermissions="true">
    <parent>/organizations</parent>
    <name>BA</name>
    <label>Bay Area</label>
    <description>Folder Template</description>
    <creationDate>2019-05-23T00:45:59.634Z</creationDate>
    <updateDate>2019-03-23T00:05:51.163Z</updateDate>
    <folder>adhoc</folder>
    <folder>organizations</folder>
    <folder>Reports</folder>
    <folder>temp</folder>
    <folder>templates</folder>
    <folder>themes</folder>
    <permission>
        <permissionMask>1</permissionMask>
        <recipient tenantId="BA" recipientType="role">FRANCHISEMGR</recipient>
    </permission>
</folder>
