<?xml version="1.0" encoding="UTF-8"?>
<export><property name="pathProcessorId" value="zip"/><property name="rootTenantId" value="Bikeshare"/><property name="jsVersion" value="7.2.0 PRO"/><module id="tenants"><organization>Bikeshare</organization><organization>NYC</organization><organization>BA</organization><organization>bluebikes</organization></module><module id="authority"><user tenant="bluebikes">Boston_Franchise_Manager</user><user tenant="Bikeshare">COO1</user><user tenant="BA">DRIVER1</user><user tenant="BA">FRANMGR1</user><user tenant="BA">jasperadmin</user><user tenant="Bikeshare">jasperadmin</user><user tenant="NYC">jasperadmin</user><user tenant="bluebikes">jasperadmin</user><user tenant="Bikeshare">joeuser</user><role tenant="BA">DRIVER</role><role tenant="BA">FRANCHISEMGR</role></module><module id="repositoryResources"><folder>/</folder></module><module id="calendars"><calendar>New Years Days</calendar></module><module id="reportJobs"/><module id="audit"/><module id="reportMonitoring"/></export>