<?xml version="1.0" encoding="UTF-8"?>
<folder exportedWithPermissions="true">
    <parent>/</parent>
    <name>public</name>
    <label>Public</label>
    <description></description>
    <creationDate>2019-05-23T00:28:52.116Z</creationDate>
    <updateDate>2019-05-21T20:59:46.971Z</updateDate>
    <folder>adhoc</folder>
    <folder>audit</folder>
    <folder>Bikeshare_demo</folder>
    <folder>diagnostic</folder>
    <folder>monitoring</folder>
    <folder>Samples</folder>
    <folder>templates</folder>
    <permission>
        <permissionMask>2</permissionMask>
        <recipient recipientType="role">ROLE_USER</recipient>
    </permission>
</folder>
