<?xml version="1.0" encoding="UTF-8"?>
<secureMondrianConnection exportedWithPermissions="true">
    <folder>/public/Samples/OLAP/XMLA</folder>
    <name>Foodmart</name>
    <version>1</version>
    <label>Foodmart</label>
    <description>Foodmart Mondrian Analysis Connection</description>
    <creationDate>2019-05-23T00:46:12.519Z</creationDate>
    <updateDate>2013-04-10T21:37:55.969Z</updateDate>
    <schema>
        <uri>/public/Samples/OLAP/Schemas/FoodmartSchema2013.xml</uri>
    </schema>
    <dataSource>
        <uri>/public/Samples/Data_Sources/FoodmartDataSourceJNDI</uri>
    </dataSource>
    <grant>
        <uri>/public/Samples/OLAP/Schemas/FoodmartNoTopGrant</uri>
    </grant>
</secureMondrianConnection>
