<?xml version="1.0" encoding="UTF-8"?>
<folder exportedWithPermissions="true">
    <name>/</name>
    <label>BikeShare</label>
    <description>Folder Template</description>
    <creationDate>2019-02-18T17:44:53.463Z</creationDate>
    <updateDate>2019-02-18T17:44:53.592Z</updateDate>
    <folder>adhoc</folder>
    <folder>Data_Sources</folder>
    <folder>Domains</folder>
    <folder>organizations</folder>
    <folder>Reports</folder>
    <folder>temp</folder>
    <folder>templates</folder>
    <folder>themes</folder>
    <folder>public</folder>
</folder>
