<?xml version="1.0" encoding="UTF-8"?>
<fileResource exportedWithPermissions="true" dataFile="bikes_transported_icon.png.data">
    <folder>/public/Bikeshare_demo/Resources/Images</folder>
    <name>bikes_transported_icon.png</name>
    <version>0</version>
    <label>bikes-transported-icon.png</label>
    <description></description>
    <creationDate>2019-05-19T19:04:21.689-07:00</creationDate>
    <updateDate>2019-03-12T13:19:28.222-07:00</updateDate>
    <fileType>img</fileType>
</fileResource>
