<?xml version="1.0" encoding="UTF-8"?>
<folder exportedWithPermissions="true">
    <parent>/public</parent>
    <name>diagnostic</name>
    <label>Diagnostic</label>
    <description></description>
    <creationDate>2019-02-15T22:20:04.485Z</creationDate>
    <updateDate>2012-09-06T13:11:43.302Z</updateDate>
    <resource>JSDiagnosticDataSource</resource>
    <resource>JSDiagnosticReport</resource>
    <permission>
        <permissionMask>0</permissionMask>
        <recipient recipientType="role">ROLE_USER</recipient>
    </permission>
    <permission>
        <permissionMask>0</permissionMask>
        <recipient recipientType="role">ROLE_ADMINISTRATOR</recipient>
    </permission>
</folder>
