<?xml version="1.0" encoding="UTF-8"?>
<export><property name="pathProcessorId" value="zip"/><property name="rootTenantId" value="BikeShare"/><property name="jsVersion" value="7.1.0 PRO"/><module id="tenants"><organization>BikeShare</organization><organization>BA</organization><organization>NYC</organization><organization>bluebikes</organization></module><module id="authority"><user tenant="bluebikes">Boston_Franchise_Manager</user><user tenant="BikeShare">COO1</user><user tenant="BA">DRIVER1</user><user tenant="BA">FRANMGR1</user><user tenant="BA">jasperadmin</user><user tenant="BikeShare">jasperadmin</user><user tenant="bluebikes">jasperadmin</user><user tenant="NYC">jasperadmin</user></module><module id="repositoryResources"><folder>/</folder></module></export>