<?xml version="1.0" encoding="UTF-8"?>
<export><property name="pathProcessorId" value="zip"/><property name="rootTenantId" value="Bikeshare"/><property name="jsVersion" value="7.1.0 PRO"/><module id="tenants"><organization>Bikeshare</organization><organization>NYC</organization><organization>bluebikes</organization><organization>BA</organization></module><module id="authority"><user tenant="bluebikes">Boston_Franchise_Manager</user><user tenant="Bikeshare">COO1</user><user tenant="BA">DRIVER1</user><user tenant="BA">FRANMGR1</user><user tenant="BA">jasperadmin</user><user tenant="Bikeshare">jasperadmin</user><user tenant="bluebikes">jasperadmin</user><role tenant="Bikeshare">COO</role><role tenant="BA">DRIVER</role><role tenant="BA">FRANCHISEMGR</role></module></export>