<?xml version="1.0" encoding="UTF-8"?>
<folder exportedWithPermissions="true">
    <parent>/public/Samples</parent>
    <name>Data_Sources</name>
    <label>Data Sources</label>
    <description>Data Sources</description>
    <creationDate>2019-05-23T00:28:52.722Z</creationDate>
    <updateDate>2012-10-15T16:24:17.736Z</updateDate>
    <folder>connections</folder>
    <resource>ExmapleVDS</resource>
    <resource>FoodmartDataSource</resource>
    <resource>FoodmartDataSourceJNDI</resource>
    <resource>JServerJNDIDS</resource>
</folder>
