<?xml version="1.0" encoding="UTF-8"?>
<folder exportedWithPermissions="true">
    <parent>/public/monitoring</parent>
    <name>domains</name>
    <label>Monitoring Domains</label>
    <description>Monitoring Domains</description>
    <creationDate>2019-02-15T22:20:05.501Z</creationDate>
    <updateDate>2018-04-27T19:57:16.792Z</updateDate>
    <resource>ReportMonitoringDomain</resource>
    <permission>
        <permissionMask>0</permissionMask>
        <recipient recipientType="role">ROLE_USER</recipient>
    </permission>
    <permission>
        <permissionMask>0</permissionMask>
        <recipient recipientType="role">ROLE_ADMINISTRATOR</recipient>
    </permission>
</folder>
