<?xml version="1.0" encoding="UTF-8"?>
<adhocDataView exportedWithPermissions="true">
    <folder>/public/Bikeshare_demo/Ad_hoc/App_Report_List</folder>
    <name>Station_Status</name>
    <version>0</version>
    <label>Station Status</label>
    <description>Availability, Capacity and Need</description>
    <creationDate>2019-05-23T00:46:47.723Z</creationDate>
    <updateDate>2019-04-30T17:31:38.962Z</updateDate>
    <dataSource>
        <uri>/public/Bikeshare_demo/Data_Sources/Bikeshare_Demo_Domain</uri>
    </dataSource>
    <inputControl>
        <localResource
            xmlns:xsi="http://www.w3.org/2001/XMLSchema-instance"
            exportedWithPermissions="false" xsi:type="inputControl">
            <folder>/public/Bikeshare_demo/Ad_hoc/App_Report_List/Station_Status_files</folder>
            <name>name1_1</name>
            <version>0</version>
            <label>Region Name</label>
            <creationDate>2019-05-23T00:46:47.723Z</creationDate>
            <updateDate>2019-04-30T17:31:38.962Z</updateDate>
            <type>7</type>
            <mandatory>false</mandatory>
            <readOnly>false</readOnly>
            <visible>true</visible>
            <query>
                <localResource exportedWithPermissions="false" xsi:type="query">
                    <folder>/public/Bikeshare_demo/Ad_hoc/App_Report_List/Station_Status_files/name1_1_files</folder>
                    <name>name1_1</name>
                    <version>0</version>
                    <label>Region Name</label>
                    <creationDate>2019-05-23T00:46:47.723Z</creationDate>
                    <updateDate>2019-04-30T17:31:38.962Z</updateDate>
                    <language>domain</language>
                    <queryString>&lt;?xml version="1.0" encoding="UTF-8"?&gt;
&lt;query xmlns="http://www.jaspersoft.com/2007/SL/XMLSchema"&gt;
  &lt;groupList&gt;
    &lt;group columnName="public_system_information.regionInSystem.name1" /&gt;
  &lt;/groupList&gt;
  &lt;queryFields&gt;
    &lt;queryField id="system_region.name" /&gt;
    &lt;queryField id="public_system_information.regionInSystem.name1" /&gt;
  &lt;/queryFields&gt;
&lt;/query&gt;

</queryString>
                    <dataSource>
                        <uri>/public/Bikeshare_demo/Data_Sources/Bikeshare_Demo_Domain</uri>
                    </dataSource>
                </localResource>
            </query>
            <queryVisibleColumn>public_system_information.regionInSystem.name1</queryVisibleColumn>
            <queryValueColumn>public_system_information.regionInSystem.name1</queryValueColumn>
        </localResource>
    </inputControl>
    <resource>
        <localResource
            xmlns:xsi="http://www.w3.org/2001/XMLSchema-instance"
            exportedWithPermissions="false" dataFile="topicJRXML.data" xsi:type="fileResource">
            <folder>/public/Bikeshare_demo/Ad_hoc/App_Report_List/Station_Status_files</folder>
            <name>topicJRXML</name>
            <version>0</version>
            <label>topicJRXML</label>
            <creationDate>2019-05-23T00:46:47.723Z</creationDate>
            <updateDate>2019-04-30T17:31:38.962Z</updateDate>
            <fileType>jrxml</fileType>
        </localResource>
    </resource>
    <resource>
        <localResource
            xmlns:xsi="http://www.w3.org/2001/XMLSchema-instance"
            exportedWithPermissions="false" dataFile="stateXML.data" xsi:type="fileResource">
            <folder>/public/Bikeshare_demo/Ad_hoc/App_Report_List/Station_Status_files</folder>
            <name>stateXML</name>
            <version>0</version>
            <label>stateXML</label>
            <creationDate>2019-05-23T00:46:47.723Z</creationDate>
            <updateDate>2019-04-30T17:31:38.962Z</updateDate>
            <fileType>xml</fileType>
        </localResource>
    </resource>
    <alwaysPromptControls>false</alwaysPromptControls>
    <controlsLayout>1</controlsLayout>
</adhocDataView>
