<?xml version="1.0" encoding="UTF-8"?>
<adhocDataView exportedWithPermissions="true">
    <folder>/public/Bikeshare_demo/Ad_hoc/App_Report_List</folder>
    <name>Trips_by_Region</name>
    <version>0</version>
    <label>Trips by Region</label>
    <description></description>
    <creationDate>2019-05-23T00:46:12.127Z</creationDate>
    <updateDate>2019-04-12T22:10:45.740Z</updateDate>
    <dataSource>
        <uri>/public/Bikeshare_demo/Data_Sources/Bikeshare_Demo_Domain</uri>
    </dataSource>
    <inputControl>
        <localResource
            xmlns:xsi="http://www.w3.org/2001/XMLSchema-instance"
            exportedWithPermissions="false" xsi:type="inputControl">
            <folder>/public/Bikeshare_demo/Ad_hoc/App_Report_List/Trips_by_Region_files</folder>
            <name>Franchise_1</name>
            <version>0</version>
            <label>Franchise</label>
            <creationDate>2019-05-23T00:46:12.127Z</creationDate>
            <updateDate>2019-04-12T22:10:45.740Z</updateDate>
            <type>4</type>
            <mandatory>false</mandatory>
            <readOnly>false</readOnly>
            <visible>true</visible>
            <query>
                <localResource exportedWithPermissions="false" xsi:type="query">
                    <folder>/public/Bikeshare_demo/Ad_hoc/App_Report_List/Trips_by_Region_files/Franchise_1_files</folder>
                    <name>Franchise_1</name>
                    <version>0</version>
                    <label>Franchise</label>
                    <creationDate>2019-05-23T00:46:12.127Z</creationDate>
                    <updateDate>2019-04-12T22:10:45.740Z</updateDate>
                    <language>domain</language>
                    <queryString>&lt;?xml version="1.0" encoding="UTF-8"?&gt;
&lt;query xmlns="http://www.jaspersoft.com/2007/SL/XMLSchema"&gt;
  &lt;groupList&gt;
    &lt;group columnName="Franchise" /&gt;
  &lt;/groupList&gt;
  &lt;queryFields&gt;
    &lt;queryField id="public_system_information.system_id" resourceId="public_system_information.system_id" /&gt;
    &lt;queryField id="public_system_information.name" resourceId="public_system_information.name" /&gt;
    &lt;queryField expression="public_system_information.name" id="Franchise" resourceId="Franchise" /&gt;
  &lt;/queryFields&gt;
  &lt;resources&gt;
    &lt;memory id="default"&gt;
      &lt;fieldList&gt;
        &lt;field id="public_system_information.name" type="java.lang.String"&gt;
          &lt;propertyMap&gt;
            &lt;entry key="adhoc.expression" /&gt;
          &lt;/propertyMap&gt;
        &lt;/field&gt;
        &lt;field id="public_system_information.system_id" type="java.lang.String" /&gt;
        &lt;field id="Franchise" dataSetExpression="public_system_information.name" type="java.lang.String" /&gt;
      &lt;/fieldList&gt;
      &lt;source&gt;
        &lt;jdbcTable id="system_information" datasourceId="Bikeshare_demo_DS_on_AWS" maxRows="200001" tableName="system_information"&gt;
          &lt;fieldList&gt;
            &lt;field id="public_system_information.name" fieldDBName="name" type="java.lang.String"&gt;
              &lt;propertyMap&gt;
                &lt;entry key="columnType"&gt;
                  &lt;string&gt;group&lt;/string&gt;
                &lt;/entry&gt;
              &lt;/propertyMap&gt;
            &lt;/field&gt;
            &lt;field id="public_system_information.system_id" fieldDBName="system_id" inResultSet="false" type="java.lang.String" /&gt;
          &lt;/fieldList&gt;
          &lt;filterString&gt;(public_system_information.system_id in (groovy('authentication.principal.tenantId')))&lt;/filterString&gt;
          &lt;groupList&gt;
            &lt;group columnName="public_system_information.name" /&gt;
          &lt;/groupList&gt;
          &lt;joinInfo alias="public_system_information" /&gt;
        &lt;/jdbcTable&gt;
      &lt;/source&gt;
    &lt;/memory&gt;
  &lt;/resources&gt;
&lt;/query&gt;

</queryString>
                    <dataSource>
                        <uri>/public/Bikeshare_demo/Data_Sources/Bikeshare_Demo_Domain</uri>
                    </dataSource>
                </localResource>
            </query>
            <queryVisibleColumn>Franchise</queryVisibleColumn>
            <queryValueColumn>Franchise</queryValueColumn>
        </localResource>
    </inputControl>
    <resource>
        <localResource
            xmlns:xsi="http://www.w3.org/2001/XMLSchema-instance"
            exportedWithPermissions="false" dataFile="topicJRXML.data" xsi:type="fileResource">
            <folder>/public/Bikeshare_demo/Ad_hoc/App_Report_List/Trips_by_Region_files</folder>
            <name>topicJRXML</name>
            <version>0</version>
            <label>topicJRXML</label>
            <creationDate>2019-05-23T00:46:12.127Z</creationDate>
            <updateDate>2019-04-12T22:10:45.740Z</updateDate>
            <fileType>jrxml</fileType>
        </localResource>
    </resource>
    <resource>
        <localResource
            xmlns:xsi="http://www.w3.org/2001/XMLSchema-instance"
            exportedWithPermissions="false" dataFile="stateXML.data" xsi:type="fileResource">
            <folder>/public/Bikeshare_demo/Ad_hoc/App_Report_List/Trips_by_Region_files</folder>
            <name>stateXML</name>
            <version>0</version>
            <label>stateXML</label>
            <creationDate>2019-05-23T00:46:12.127Z</creationDate>
            <updateDate>2019-04-12T22:10:45.740Z</updateDate>
            <fileType>xml</fileType>
        </localResource>
    </resource>
    <alwaysPromptControls>false</alwaysPromptControls>
    <controlsLayout>1</controlsLayout>
</adhocDataView>
