<?xml version="1.0" encoding="UTF-8"?>
<adhocDataView exportedWithPermissions="true">
    <folder>/public/Bikeshare_demo/Ad_hoc/App_Report_List</folder>
    <name>Total_trips_by_region</name>
    <version>0</version>
    <label>Total trips by region</label>
    <description>Uses KPIs</description>
    <creationDate>2019-05-19T19:04:21.129-07:00</creationDate>
    <updateDate>2019-05-19T17:08:19.302-07:00</updateDate>
    <dataSource>
        <uri>/public/Bikeshare_demo/Data_Sources/Bikeshare_Demo_Domain</uri>
    </dataSource>
    <inputControl>
        <localResource
            xmlns:xsi="http://www.w3.org/2001/XMLSchema-instance"
            exportedWithPermissions="false" xsi:type="inputControl">
            <folder>/public/Bikeshare_demo/Ad_hoc/App_Report_List/Total_trips_by_region_files</folder>
            <name>kpi_type_1</name>
            <version>0</version>
            <label>KPI</label>
            <creationDate>2019-05-19T19:04:21.129-07:00</creationDate>
            <updateDate>2019-05-19T17:08:19.302-07:00</updateDate>
            <type>4</type>
            <mandatory>false</mandatory>
            <readOnly>false</readOnly>
            <visible>true</visible>
            <query>
                <localResource exportedWithPermissions="false" xsi:type="query">
                    <folder>/public/Bikeshare_demo/Ad_hoc/App_Report_List/Total_trips_by_region_files/kpi_type_1_files</folder>
                    <name>kpi_type_1</name>
                    <version>0</version>
                    <label>KPI</label>
                    <creationDate>2019-05-19T19:04:21.129-07:00</creationDate>
                    <updateDate>2019-05-19T17:08:19.302-07:00</updateDate>
                    <language>domain</language>
                    <queryString>&lt;?xml version="1.0" encoding="UTF-8"?&gt;
&lt;query xmlns="http://www.jaspersoft.com/2007/SL/XMLSchema"&gt;
  &lt;groupList&gt;
    &lt;group columnName="region_kpi_today.kpi_type" /&gt;
  &lt;/groupList&gt;
  &lt;queryFields&gt;
    &lt;queryField id="public_system_information.system_id" /&gt;
    &lt;queryField id="region_kpi_today.kpi_type" /&gt;
  &lt;/queryFields&gt;
&lt;/query&gt;

</queryString>
                    <dataSource>
                        <uri>/public/Bikeshare_demo/Data_Sources/Bikeshare_Demo_Domain</uri>
                    </dataSource>
                </localResource>
            </query>
            <queryVisibleColumn>region_kpi_today.kpi_type</queryVisibleColumn>
            <queryValueColumn>region_kpi_today.kpi_type</queryValueColumn>
        </localResource>
    </inputControl>
    <resource>
        <localResource
            xmlns:xsi="http://www.w3.org/2001/XMLSchema-instance"
            exportedWithPermissions="false" dataFile="topicJRXML.data" xsi:type="fileResource">
            <folder>/public/Bikeshare_demo/Ad_hoc/App_Report_List/Total_trips_by_region_files</folder>
            <name>topicJRXML</name>
            <version>0</version>
            <label>topicJRXML</label>
            <creationDate>2019-05-19T19:04:21.129-07:00</creationDate>
            <updateDate>2019-04-30T10:37:03.400-07:00</updateDate>
            <fileType>jrxml</fileType>
        </localResource>
    </resource>
    <resource>
        <localResource
            xmlns:xsi="http://www.w3.org/2001/XMLSchema-instance"
            exportedWithPermissions="false" dataFile="stateXML.data" xsi:type="fileResource">
            <folder>/public/Bikeshare_demo/Ad_hoc/App_Report_List/Total_trips_by_region_files</folder>
            <name>stateXML</name>
            <version>0</version>
            <label>stateXML</label>
            <creationDate>2019-05-19T19:04:21.129-07:00</creationDate>
            <updateDate>2019-04-30T10:37:03.400-07:00</updateDate>
            <fileType>xml</fileType>
        </localResource>
    </resource>
    <reports>
        <localResource
            xmlns:xsi="http://www.w3.org/2001/XMLSchema-instance"
            exportedWithPermissions="false" xsi:type="reportUnit">
            <folder>/public/Bikeshare_demo/Ad_hoc/App_Report_List/Total_trips_by_region_files</folder>
            <name>dashboardReport</name>
            <version>1</version>
            <label>dashboardReport</label>
            <creationDate>2019-05-19T19:04:21.129-07:00</creationDate>
            <updateDate>2019-05-19T17:08:19.302-07:00</updateDate>
            <mainReport>
                <localResource exportedWithPermissions="false"
                    dataFile="mainReportJrxml.data" xsi:type="fileResource">
                    <folder>/public/Bikeshare_demo/Ad_hoc/App_Report_List/Total_trips_by_region_files/dashboardReport_files</folder>
                    <name>mainReportJrxml</name>
                    <version>0</version>
                    <label>mainReportJrxml</label>
                    <creationDate>2019-05-19T19:04:21.129-07:00</creationDate>
                    <updateDate>2019-05-19T17:08:19.302-07:00</updateDate>
                    <fileType>jrxml</fileType>
                </localResource>
            </mainReport>
            <resource>
                <localResource exportedWithPermissions="false"
                    dataFile="stateXML.data" xsi:type="fileResource">
                    <folder>/public/Bikeshare_demo/Ad_hoc/App_Report_List/Total_trips_by_region_files/dashboardReport_files</folder>
                    <name>stateXML</name>
                    <version>0</version>
                    <label>stateXML</label>
                    <creationDate>2019-05-19T19:04:21.129-07:00</creationDate>
                    <updateDate>2019-05-19T17:08:19.302-07:00</updateDate>
                    <fileType>xml</fileType>
                </localResource>
            </resource>
            <alwaysPromptControls>false</alwaysPromptControls>
            <controlsLayout>1</controlsLayout>
        </localResource>
    </reports>
    <alwaysPromptControls>false</alwaysPromptControls>
    <controlsLayout>1</controlsLayout>
</adhocDataView>
