<?xml version="1.0" encoding="UTF-8"?>
<jdbcDataSource exportedWithPermissions="true">
    <folder>/Data_Sources</folder>
    <name>Bikeshare_Demo</name>
    <version>0</version>
    <label>Bikeshare Demo</label>
    <description>Bikeshare app database. Native Postgres.</description>
    <creationDate>2019-05-23T00:46:00.621Z</creationDate>
    <updateDate>2019-02-22T17:53:09.824Z</updateDate>
    <driver>org.postgresql.Driver</driver>
    <connectionUrl>jdbc:postgresql://jrii46wavta7a7.c0rkxboaut8g.us-east-2.rds.amazonaws.com:5432/bikeshare</connectionUrl>
    <connectionUser>bikeshare</connectionUser>
    <connectionPassword>ENC&lt;DB87ED59F8B22688BB5059B4C8DBD8B1797B78F197DAB149BB92C39B01994A53&gt;</connectionPassword>
    <timezone></timezone>
</jdbcDataSource>
