<?xml version="1.0" encoding="UTF-8"?>
<folder exportedWithPermissions="true">
    <parent>/organizations/NYC/organizations</parent>
    <name>org_template</name>
    <label>Folder Template</label>
    <description>Folder Template</description>
    <creationDate>2019-02-25T22:27:42.933Z</creationDate>
    <updateDate>2018-04-27T19:56:58.233Z</updateDate>
    <folder>adhoc</folder>
    <folder>temp</folder>
    <folder>templates</folder>
    <folder>themes</folder>
    <permission>
        <permissionMask>0</permissionMask>
        <recipient recipientType="role">ROLE_USER</recipient>
    </permission>
</folder>
