<?xml version="1.0" encoding="UTF-8"?>
<inputControl exportedWithPermissions="true">
    <folder>/public/Samples/Resources/Input_Controls</folder>
    <name>Gender</name>
    <version>1</version>
    <label>Gender</label>
    <creationDate>2019-05-23T00:46:10.029Z</creationDate>
    <updateDate>2013-09-16T07:09:52.031Z</updateDate>
    <type>6</type>
    <mandatory>true</mandatory>
    <readOnly>false</readOnly>
    <visible>true</visible>
    <listOfValues>
        <localResource
            xmlns:xsi="http://www.w3.org/2001/XMLSchema-instance"
            exportedWithPermissions="false" xsi:type="listOfValues">
            <folder>/public/Samples/Resources/Input_Controls/Gender_files</folder>
            <name>ListOfValues</name>
            <version>1</version>
            <label>ListOfValues</label>
            <creationDate>2019-05-23T00:46:10.029Z</creationDate>
            <updateDate>2013-09-16T07:09:52.031Z</updateDate>
            <item>
                <itemLabel>Female</itemLabel>
                <itemValue xmlns:java="http://java.sun.com" xsi:type="java:java.lang.String">F</itemValue>
            </item>
            <item>
                <itemLabel>Male</itemLabel>
                <itemValue xmlns:java="http://java.sun.com" xsi:type="java:java.lang.String">M</itemValue>
            </item>
        </localResource>
    </listOfValues>
</inputControl>
