<?xml version="1.0" encoding="UTF-8"?>
<listOfValues exportedWithPermissions="true">
    <folder>/public/Samples/Resources/Input_Controls</folder>
    <name>ProductFamilyList</name>
    <version>1</version>
    <label>Product Family List</label>
    <description>Displays Food, Drink, Non-Consumable</description>
    <creationDate>2019-05-23T00:46:08.617Z</creationDate>
    <updateDate>2012-10-22T13:18:32.815Z</updateDate>
    <item>
        <itemLabel>Drink</itemLabel>
        <itemValue xmlns:xsi="http://www.w3.org/2001/XMLSchema-instance"
            xmlns:java="http://java.sun.com" xsi:type="java:java.lang.String">Drink</itemValue>
    </item>
    <item>
        <itemLabel>Food</itemLabel>
        <itemValue xmlns:xsi="http://www.w3.org/2001/XMLSchema-instance"
            xmlns:java="http://java.sun.com" xsi:type="java:java.lang.String">Food</itemValue>
    </item>
    <item>
        <itemLabel>Non-Consumable</itemLabel>
        <itemValue xmlns:xsi="http://www.w3.org/2001/XMLSchema-instance"
            xmlns:java="http://java.sun.com" xsi:type="java:java.lang.String">Non-Consumable</itemValue>
    </item>
</listOfValues>
