<?xml version="1.0" encoding="UTF-8"?>
<inputControl exportedWithPermissions="true">
    <folder>/public/Samples/Resources/Input_Controls</folder>
    <name>ProductFamily</name>
    <version>1</version>
    <label>ProductFamily</label>
    <description>Product Family Multi-Select</description>
    <creationDate>2019-05-23T00:46:08.626Z</creationDate>
    <updateDate>2019-03-07T17:53:32.965Z</updateDate>
    <type>6</type>
    <mandatory>true</mandatory>
    <readOnly>false</readOnly>
    <visible>true</visible>
    <listOfValues>
        <uri>/public/Samples/Resources/Input_Controls/ProductFamilyList</uri>
    </listOfValues>
</inputControl>
