<?xml version="1.0" encoding="UTF-8"?>
<inputControl exportedWithPermissions="true">
    <folder>/public/Samples/Resources/Input_Controls</folder>
    <name>states</name>
    <version>1</version>
    <label>States Input Control</label>
    <description>Uses USWesternRegionStatesList. Maps to states parameter.</description>
    <creationDate>2019-05-23T00:46:09.021Z</creationDate>
    <updateDate>2019-03-08T01:27:00.559Z</updateDate>
    <type>3</type>
    <mandatory>false</mandatory>
    <readOnly>false</readOnly>
    <visible>false</visible>
    <listOfValues>
        <uri>/public/Samples/Resources/Data_Types/USWesternStatesList</uri>
    </listOfValues>
</inputControl>
