<?xml version="1.0" encoding="UTF-8"?>
<folder exportedWithPermissions="true">
    <parent>/public/adhoc</parent>
    <name>topics</name>
    <label>Topics</label>
    <description>Topics</description>
    <creationDate>2019-02-15T22:20:05.309Z</creationDate>
    <updateDate>2018-04-27T19:57:00.165Z</updateDate>
    <resource>JSDiagnosticTopic</resource>
    <permission>
        <permissionMask>30</permissionMask>
        <recipient recipientType="role">ROLE_USER</recipient>
    </permission>
</folder>
