<?xml version="1.0" encoding="UTF-8"?>
<inputControl exportedWithPermissions="true">
    <folder>/public/Bikeshare_demo/Resources/Input_Controls</folder>
    <name>Region</name>
    <version>1</version>
    <label>Region</label>
    <description></description>
    <creationDate>2019-05-23T00:46:47.538Z</creationDate>
    <updateDate>2019-03-28T02:29:46.169Z</updateDate>
    <type>4</type>
    <mandatory>false</mandatory>
    <readOnly>false</readOnly>
    <visible>true</visible>
    <query>
        <localResource
            xmlns:xsi="http://www.w3.org/2001/XMLSchema-instance"
            exportedWithPermissions="false" xsi:type="query">
            <folder>/public/Bikeshare_demo/Resources/Input_Controls/Region_files</folder>
            <name>Region_by_Franchise_Query</name>
            <version>1</version>
            <label>Region_by_Franchise_Query</label>
            <description></description>
            <creationDate>2019-05-23T00:46:47.538Z</creationDate>
            <updateDate>2019-03-20T22:03:08.959Z</updateDate>
            <language>sql</language>
            <queryString>select distinct region_id, name
from system_region
where (system_id = $P{Franchise} or $P{Franchise} = 'All')</queryString>
            <dataSource>
                <uri>/public/Bikeshare_demo/Data_Sources/Bikeshare_demo_DS_on_AWS</uri>
            </dataSource>
        </localResource>
    </query>
    <queryVisibleColumn>name</queryVisibleColumn>
    <queryValueColumn>region_id</queryValueColumn>
</inputControl>
