<?xml version="1.0" encoding="UTF-8"?>
<fileResource exportedWithPermissions="true" dataFile="CommonReportStyles.jrtx.data">
    <folder>/public/Samples/Resources/Extras</folder>
    <name>CommonReportStyles.jrtx</name>
    <version>0</version>
    <label>CommonReportStyles.jrtx</label>
    <description>Styles used by many sample reports</description>
    <creationDate>2019-02-15T22:21:08.522Z</creationDate>
    <updateDate>2012-11-09T12:16:48.509Z</updateDate>
    <fileType>jrtx</fileType>
</fileResource>
