<?xml version="1.0" encoding="UTF-8"?>
<fileResource exportedWithPermissions="true" dataFile="supermart_en_US.properties.data">
    <folder>/public/Samples/Resources/Extras</folder>
    <name>supermart_en_US.properties</name>
    <version>0</version>
    <label>supermart_en_US.properties</label>
    <description>US English resource bundle</description>
    <creationDate>2019-02-15T22:21:04.183Z</creationDate>
    <updateDate>2014-09-30T17:27:43.907Z</updateDate>
    <fileType>prop</fileType>
</fileResource>
