<?xml version="1.0" encoding="UTF-8"?>
<fileResource exportedWithPermissions="true" dataFile="supermart_fr.properties.data">
    <folder>/public/Samples/Resources/Extras</folder>
    <name>supermart_fr.properties</name>
    <version>0</version>
    <label>supermart_fr.properties</label>
    <description>French resource bundle</description>
    <creationDate>2019-02-15T22:21:04.803Z</creationDate>
    <updateDate>2014-09-30T17:27:44.030Z</updateDate>
    <fileType>prop</fileType>
</fileResource>
