<?xml version="1.0" encoding="UTF-8"?>
<fileResource exportedWithPermissions="true" dataFile="supermart_es.properties.data">
    <folder>/public/Samples/Resources/Extras</folder>
    <name>supermart_es.properties</name>
    <version>0</version>
    <label>supermart_es.properties</label>
    <description>Spanish resource bundle</description>
    <creationDate>2019-02-15T22:21:04.235Z</creationDate>
    <updateDate>2014-09-30T17:27:44.239Z</updateDate>
    <fileType>prop</fileType>
</fileResource>
