<?xml version="1.0" encoding="UTF-8"?>
<fileResource exportedWithPermissions="true" dataFile="supermart_zh_CN.properties.data">
    <folder>/public/Samples/Resources/Extras</folder>
    <name>supermart_zh_CN.properties</name>
    <version>0</version>
    <label>supermart_zh_CN.properties</label>
    <description>Chinese resource bundle</description>
    <creationDate>2019-02-15T22:21:04.291Z</creationDate>
    <updateDate>2014-09-30T17:27:43.840Z</updateDate>
    <fileType>prop</fileType>
</fileResource>
