<?xml version="1.0" encoding="UTF-8"?>
<fileResource exportedWithPermissions="true" dataFile="Top5ProductsReport.data">
    <folder>/public/Samples/Resources/Extras</folder>
    <name>Top5ProductsReport</name>
    <version>0</version>
    <label>Top5ProductsReport</label>
    <description>Subreport for Top Fives Report. Parameterized on month. Links to details.</description>
    <creationDate>2019-02-15T22:21:04.033Z</creationDate>
    <updateDate>2013-09-16T11:31:25.552Z</updateDate>
    <fileType>jrxml</fileType>
</fileResource>
