<?xml version="1.0" encoding="UTF-8"?>
<fileResource exportedWithPermissions="true" dataFile="Top5CustomersReport.data">
    <folder>/public/Samples/Resources/Extras</folder>
    <name>Top5CustomersReport</name>
    <version>0</version>
    <label>Top5CustomersReport</label>
    <description>Subreport for Top Fives Report. Parameterized on month. Links to details.</description>
    <creationDate>2019-02-15T22:21:04.080Z</creationDate>
    <updateDate>2013-09-16T11:28:33.073Z</updateDate>
    <fileType>jrxml</fileType>
</fileResource>
