<?xml version="1.0" encoding="UTF-8"?>
<query exportedWithPermissions="true">
    <folder>/public/Samples/Resources/Input_Controls</folder>
    <name>CustomerNameIdQuery</name>
    <version>0</version>
    <label>Customer Name Id Query</label>
    <description>Retrieves Lname | Fname | Id. Note inner join, hard coded table names.</description>
    <creationDate>2019-02-15T22:21:11.416Z</creationDate>
    <updateDate>2012-07-03T19:59:35.224Z</updateDate>
    <language>sql</language>
    <queryString>SELECT DISTINCT customer.lname, customer.fname, customer.customer_id FROM sales_fact_1997 sales_fact_1997 INNER JOIN customer customer ON sales_fact_1997.customer_id = customer.customer_id ORDER BY customer.lname ASC, customer.fname ASC</queryString>
</query>
