<?xml version="1.0" encoding="UTF-8"?>
<inputControl exportedWithPermissions="true">
    <folder>/public/Samples/Resources/Input_Controls</folder>
    <name>customerId</name>
    <version>0</version>
    <label>Customer Name ID Input Control</label>
    <description>Uses CustomerNameIdQuery. Maps to customerId parameter.</description>
    <creationDate>2019-02-15T22:21:11.422Z</creationDate>
    <updateDate>2012-10-17T09:52:10.868Z</updateDate>
    <type>4</type>
    <mandatory>false</mandatory>
    <readOnly>false</readOnly>
    <visible>true</visible>
    <query>
        <uri>/public/Samples/Resources/Input_Controls/CustomerNameIdQuery</uri>
    </query>
    <queryVisibleColumn>lname</queryVisibleColumn>
    <queryVisibleColumn>fname</queryVisibleColumn>
    <queryVisibleColumn>customer_id</queryVisibleColumn>
    <queryValueColumn>customer_id</queryValueColumn>
</inputControl>
