<?xml version="1.0" encoding="UTF-8"?>
<inputControl exportedWithPermissions="true">
    <folder>/public/Samples/Resources/Input_Controls</folder>
    <name>endMonth</name>
    <version>0</version>
    <label>End Month</label>
    <description>Uses MonthNamesList (in root\input data types). Maps to endMonth parameter.</description>
    <creationDate>2019-02-15T22:21:03.944Z</creationDate>
    <updateDate>2013-08-29T05:46:36.327Z</updateDate>
    <type>3</type>
    <mandatory>true</mandatory>
    <readOnly>false</readOnly>
    <visible>true</visible>
    <listOfValues>
        <uri>/public/Samples/Resources/Data_Types/MonthNamesList</uri>
    </listOfValues>
</inputControl>
