<?xml version="1.0" encoding="UTF-8"?>
<folder exportedWithPermissions="true">
    <parent>/public/Bikeshare_demo</parent>
    <name>Data_Sources</name>
    <label>Data Sources</label>
    <description></description>
    <creationDate>2019-02-25T19:57:42.616Z</creationDate>
    <updateDate>2019-02-22T22:49:58.728Z</updateDate>
    <resource>Bikeshare_Demo_Domain</resource>
    <resource>Bikeshare_demo_DS_on_AWS</resource>
    <resource>Bikeshare_demo_DS_on_AWS_1</resource>
    <resource>Bikeshare_v2_Test___SLA</resource>
    <resource>Test_Bikeshare_upload_Domain</resource>
    <resource>Test_data_source___SLA</resource>
    <resource>Test_Datasource_2_SLA</resource>
</folder>
