<?xml version="1.0" encoding="UTF-8"?>
<jdbcDataSource exportedWithPermissions="true">
    <folder>/public/Bikeshare_demo/Data_Sources</folder>
    <name>Bikeshare_demo_DS_on_AWS_1</name>
    <version>3</version>
    <label>Bikeshare demo DS on AWS - Postgres 10</label>
    <description>Using postgresql-42.2.5.jar driver</description>
    <creationDate>2019-04-13T21:59:03.869Z</creationDate>
    <updateDate>2019-04-03T03:02:08.602Z</updateDate>
    <driver>org.postgresql.Driver</driver>
    <connectionUrl>jdbc:postgresql://jrii46wavta7a7.c0rkxboaut8g.us-east-2.rds.amazonaws.com:5432/bikeshare_v2</connectionUrl>
    <connectionUser>bikeshare</connectionUser>
    <connectionPassword>ENC&lt;DB87ED59F8B22688BB5059B4C8DBD8B1797B78F197DAB149BB92C39B01994A53&gt;</connectionPassword>
    <timezone></timezone>
</jdbcDataSource>
