<?xml version="1.0" encoding="UTF-8"?>
<inputControl exportedWithPermissions="true">
    <folder>/public/Bikeshare_demo/Resources/Input_Controls</folder>
    <name>Franchise</name>
    <version>23</version>
    <label>Franchise</label>
    <description></description>
    <creationDate>2019-04-13T21:59:04.428Z</creationDate>
    <updateDate>2019-04-19T14:52:17.811Z</updateDate>
    <type>4</type>
    <mandatory>true</mandatory>
    <readOnly>false</readOnly>
    <visible>true</visible>
    <query>
        <localResource
            xmlns:xsi="http://www.w3.org/2001/XMLSchema-instance"
            exportedWithPermissions="false" xsi:type="query">
            <folder>/public/Bikeshare_demo/Resources/Input_Controls/Franchise_files</folder>
            <name>Franchise_Query</name>
            <version>2</version>
            <label>Franchise_Query</label>
            <description></description>
            <creationDate>2019-04-13T21:59:04.428Z</creationDate>
            <updateDate>2019-03-07T20:37:04.128Z</updateDate>
            <language>sql</language>
            <queryString>select distinct system_id, name from system_information 
where (system_id = $P{LoggedInUserTenantId} or $P{LoggedInUserTenantId} = 'BikeShare' or $P{LoggedInUserTenantId} is null) </queryString>
            <dataSource>
                <uri>/public/Bikeshare_demo/Data_Sources/Bikeshare_demo_DS_on_AWS</uri>
            </dataSource>
        </localResource>
    </query>
    <queryVisibleColumn>name</queryVisibleColumn>
    <queryValueColumn>system_id</queryValueColumn>
</inputControl>
