<?xml version="1.0" encoding="UTF-8"?>
<inputControl exportedWithPermissions="true">
    <folder>/public/Bikeshare_demo/Resources/Input_Controls</folder>
    <name>session_id</name>
    <version>0</version>
    <label>Session Id</label>
    <description>Partition user entered data</description>
    <creationDate>2019-04-15T22:10:31.399Z</creationDate>
    <updateDate>2019-04-15T22:10:31.399Z</updateDate>
    <type>2</type>
    <mandatory>false</mandatory>
    <readOnly>false</readOnly>
    <visible>false</visible>
    <dataType>
        <localResource
            xmlns:xsi="http://www.w3.org/2001/XMLSchema-instance"
            exportedWithPermissions="false" xsi:type="dataType">
            <folder>/public/Bikeshare_demo/Resources/Input_Controls/session_id_files</folder>
            <name>GUID</name>
            <version>0</version>
            <label>GUID</label>
            <description></description>
            <creationDate>2019-04-15T22:10:31.399Z</creationDate>
            <updateDate>2019-04-15T22:10:31.399Z</updateDate>
            <type>1</type>
            <regularExpr></regularExpr>
            <strictMin>false</strictMin>
            <strictMax>false</strictMax>
        </localResource>
    </dataType>
</inputControl>
