<?xml version="1.0" encoding="UTF-8"?>
<folder exportedWithPermissions="true">
    <parent>/public</parent>
    <name>monitoring</name>
    <label>Monitoring</label>
    <description>Monitoring Components</description>
    <creationDate>2019-05-23T00:28:52.268Z</creationDate>
    <updateDate>2019-05-21T20:59:56.139Z</updateDate>
    <folder>datasources</folder>
    <folder>domains</folder>
    <folder>reports</folder>
    <permission>
        <permissionMask>0</permissionMask>
        <recipient recipientType="role">ROLE_USER</recipient>
    </permission>
    <permission>
        <permissionMask>0</permissionMask>
        <recipient recipientType="role">ROLE_ADMINISTRATOR</recipient>
    </permission>
</folder>
