<?xml version="1.0" encoding="UTF-8"?>
<secureMondrianConnection exportedWithPermissions="true">
    <folder>/public/Samples/Data_Sources/connections</folder>
    <name>Foodmart2013</name>
    <version>1</version>
    <label>Foodmart</label>
    <description></description>
    <creationDate>2019-05-23T00:46:03.308Z</creationDate>
    <updateDate>2013-04-10T21:26:11.954Z</updateDate>
    <schema>
        <uri>/public/Samples/OLAP/Schemas/FoodmartSchema2013.xml</uri>
    </schema>
    <dataSource>
        <uri>/public/Samples/Data_Sources/FoodmartDataSourceJNDI</uri>
    </dataSource>
</secureMondrianConnection>
