<?xml version="1.0" encoding="UTF-8"?>
<folder exportedWithPermissions="true">
    <parent>/public/monitoring</parent>
    <name>datasources</name>
    <label>Monitoring Data Sources</label>
    <description>Monitoring Data Sources</description>
    <creationDate>2019-02-15T22:20:05.449Z</creationDate>
    <updateDate>2018-04-27T19:57:16.785Z</updateDate>
    <resource>ReportMonitoringDataSource</resource>
    <permission>
        <permissionMask>0</permissionMask>
        <recipient recipientType="role">ROLE_USER</recipient>
    </permission>
    <permission>
        <permissionMask>0</permissionMask>
        <recipient recipientType="role">ROLE_ADMINISTRATOR</recipient>
    </permission>
</folder>
