<?xml version="1.0" encoding="UTF-8"?>
<folder exportedWithPermissions="true">
    <parent>/public/monitoring</parent>
    <name>datasources</name>
    <label>Monitoring Data Sources</label>
    <description>Monitoring Data Sources</description>
    <creationDate>2019-05-23T00:28:52.645Z</creationDate>
    <updateDate>2019-05-21T20:59:56.156Z</updateDate>
    <resource>ReportMonitoringDataSource</resource>
    <permission>
        <permissionMask>0</permissionMask>
        <recipient recipientType="role">ROLE_USER</recipient>
    </permission>
    <permission>
        <permissionMask>0</permissionMask>
        <recipient recipientType="role">ROLE_ADMINISTRATOR</recipient>
    </permission>
</folder>
