<?xml version="1.0" encoding="UTF-8"?>
<folder exportedWithPermissions="true">
    <parent>/public</parent>
    <name>Bikeshare_demo</name>
    <label>Bikeshare demo</label>
    <description></description>
    <creationDate>2019-02-25T19:57:42.601Z</creationDate>
    <updateDate>2019-02-22T22:49:49.144Z</updateDate>
    <folder>Ad_hoc</folder>
    <folder>Data_Sources</folder>
    <folder>Reports</folder>
    <folder>Resources</folder>
    <permission>
        <permissionMask>30</permissionMask>
        <recipient tenantId="BikeShare" recipientType="role">COO</recipient>
    </permission>
    <permission>
        <permissionMask>2</permissionMask>
        <recipient tenantId="BA" recipientType="role">DRIVER</recipient>
    </permission>
    <permission>
        <permissionMask>2</permissionMask>
        <recipient tenantId="BA" recipientType="role">FRANCHISEMGR</recipient>
    </permission>
</folder>
