<?xml version="1.0" encoding="UTF-8"?>
<folder exportedWithPermissions="true">
    <parent>/</parent>
    <name>public</name>
    <label>Public</label>
    <description></description>
    <creationDate>2019-02-15T22:20:04.098Z</creationDate>
    <updateDate>2018-04-27T19:57:00.141Z</updateDate>
    <folder>adhoc</folder>
    <folder>audit</folder>
    <folder>Bikeshare_demo</folder>
    <folder>diagnostic</folder>
    <folder>monitoring</folder>
    <folder>Samples</folder>
    <folder>templates</folder>
    <permission>
        <permissionMask>2</permissionMask>
        <recipient recipientType="role">ROLE_USER</recipient>
    </permission>
</folder>
