<?xml version="1.0" encoding="UTF-8"?>
<folder exportedWithPermissions="true">
    <parent>/organizations/bluebikes/organizations/org_template/adhoc</parent>
    <name>topics</name>
    <label>Topics</label>
    <description>Topics</description>
    <creationDate>2019-03-18T01:17:06.983Z</creationDate>
    <updateDate>2018-04-27T19:56:58.264Z</updateDate>
    <permission>
        <permissionMask>30</permissionMask>
        <recipient recipientType="role">ROLE_USER</recipient>
    </permission>
</folder>
