<?xml version="1.0" encoding="UTF-8"?>
<listOfValues exportedWithPermissions="true">
    <folder>/public/Samples/Resources/Data_Types</folder>
    <name>YesOrNoList</name>
    <version>1</version>
    <label>Yes or No List</label>
    <description>Yes or No</description>
    <creationDate>2019-05-23T00:46:09.197Z</creationDate>
    <updateDate>2012-07-03T19:59:31.520Z</updateDate>
    <item>
        <itemLabel>yes</itemLabel>
        <itemValue xmlns:xsi="http://www.w3.org/2001/XMLSchema-instance"
            xmlns:java="http://java.sun.com" xsi:type="java:java.lang.String">yes</itemValue>
    </item>
    <item>
        <itemLabel>no</itemLabel>
        <itemValue xmlns:xsi="http://www.w3.org/2001/XMLSchema-instance"
            xmlns:java="http://java.sun.com" xsi:type="java:java.lang.String">no</itemValue>
    </item>
</listOfValues>
